{"stats":{"minecraft:picked_up":{"minecraft:leather":10,"minecraft:mooshroom_spawn_egg":60,"minecraft:diamond_sword":14,"minecraft:stone_button":2,"minecraft:gunpowder":2,"minecraft:redstone":1,"minecraft:string":2,"minecraft:name_tag":65,"minecraft:tnt":64,"minecraft:lever":3,"minecraft:beef":6,"minecraft:egg":2},"minecraft:crafted":{"minecraft:firework_star":67,"minecraft:firework_rocket":195},"minecraft:dropped":{"minecraft:diamond_sword":5},"minecraft:killed":{"minecraft:trader_llama":2,"minecraft:mooshroom":4,"minecraft:spider":1,"minecraft:wandering_trader":1,"minecraft:creeper":1},"minecraft:used":{"minecraft:creeper_spawn_egg":3,"minecraft:redstone_torch":1,"minecraft:sticky_piston":2,"minecraft:glass":4,"minecraft:piston":2,"minecraft:lever":21,"minecraft:firework_rocket":15,"minecraft:command_block":40,"minecraft:grass_block":30,"minecraft:string":102,"minecraft:redstone":58,"minecraft:oak_button":1,"minecraft:stone_button":21,"minecraft:oak_sign":2,"minecraft:mooshroom_spawn_egg":6,"minecraft:diamond_sword":23,"minecraft:repeater":36,"minecraft:anvil":2,"minecraft:crafting_table":1,"minecraft:turtle_helmet":1,"minecraft:furnace":1,"minecraft:chain_command_block":9,"minecraft:repeating_command_block":2,"minecraft:egg":11,"minecraft:acacia_planks":13,"minecraft:oak_hanging_sign":1},"minecraft:custom":{"minecraft:time_since_rest":236,"minecraft:interact_with_furnace":2,"minecraft:sprint_one_cm":112145,"minecraft:walk_one_cm":273820,"minecraft:mob_kills":9,"minecraft:interact_with_anvil":5,"minecraft:drop":5,"minecraft:damage_dealt":2085,"minecraft:talked_to_villager":3,"minecraft:interact_with_crafting_table":12,"minecraft:fly_one_cm":2235134,"minecraft:crouch_one_cm":1535,"minecraft:play_time":295930,"minecraft:deaths":13,"minecraft:sneak_time":1253,"minecraft:jump":958,"minecraft:leave_game":15,"minecraft:time_since_death":208,"minecraft:total_world_time":708564}},"DataVersion":3700}